city,country,temperature_celsius,feels_like_celsius,temperature_min_celsius,temperature_max_celsius,weather,pressure,humidity,wind_speed,wind_deg,datetimestamp
Vancouver,CA,5.5,3.43,4.57,6.83,broken clouds,1020,93,2.57,80,2025-03-05 11:00:00
Vancouver,CA,6.19,6.19,5.14,6.83,broken clouds,1020,91,0.89,79,2025-03-05 12:00:00
Vancouver,CA,6.54,4.94,5.14,7.79,few clouds,1020,90,2.24,58,2025-03-05 13:00:00
Vancouver,CA,7.02,4.57,5.69,7.9,scattered clouds,1020,87,3.58,34,2025-03-05 14:00:00
Vancouver,CA,7.25,5.43,6.1,7.94,broken clouds,1019,85,2.68,28,2025-03-05 15:00:00
Vancouver,CA,8.25,5.56,7.35,8.9,broken clouds,1019,80,4.63,130,2025-03-05 16:00:00
Vancouver,CA,9.47,7.14,8.47,10.71,broken clouds,1018,79,4.47,130,2025-03-05 17:00:00
Vancouver,CA,9.41,7.75,7.58,10.69,scattered clouds,1018,77,3.09,250,2025-03-05 18:00:00
Vancouver,CA,9.94,8.71,8.47,11.53,broken clouds,1017,76,2.57,280,2025-03-05 19:00:00
Vancouver,CA,10.03,8.99,8.57,11.36,scattered clouds,1016,73,3.13,308,2025-03-05 20:00:00
Vancouver,CA,9.59,7.69,8.46,10.81,few clouds,1016,71,3.6,310,2025-03-05 21:00:00
Vancouver,CA,8.19,5.36,7.35,8.9,few clouds,1016,69,4.92,240,2025-03-05 22:00:00
Vancouver,CA,6.28,3.37,5.14,7.57,few clouds,1016,79,4.12,290,2025-03-05 23:00:00
Vancouver,CA,5.66,2.6,4.86,6.79,clear sky,1016,83,4.12,310,2025-03-06 00:00:00
Vancouver,CA,5.19,2.02,4.05,6.53,clear sky,1016,85,4.12,310,2025-03-06 01:00:00
Vancouver,CA,4.39,3.2,3.47,5.53,clear sky,1016,85,1.54,340,2025-03-06 02:00:00
Vancouver,CA,4.15,4.15,2.94,5.53,clear sky,1015,88,0.89,153,2025-03-06 03:00:00
Vancouver,CA,3.24,3.24,2.38,4.69,clear sky,1015,87,0.45,254,2025-03-06 04:00:00
Vancouver,CA,2.87,-0.83,1.66,4.6,clear sky,1015,89,4.12,320,2025-03-06 05:00:00
Vancouver,CA,2.37,-0.73,1.1,4.6,clear sky,1016,90,3.09,310,2025-03-06 06:00:00
Vancouver,CA,2.43,-1.37,1.24,4.53,clear sky,1016,89,4.12,340,2025-03-06 07:00:00
Vancouver,CA,2.59,-1.39,1.24,4.53,clear sky,1016,89,4.47,237,2025-03-06 08:00:00
Vancouver,CA,2.04,0.51,0.68,3.49,clear sky,1016,89,1.54,360,2025-03-06 09:00:00
Vancouver,CA,2.34,-2.06,0.96,4.53,clear sky,1016,89,5.14,300,2025-03-06 10:00:00
Victoria,CA,4.38,2.11,3.16,5.98,broken clouds,1020,95,2.57,360,2025-03-05 11:00:00
Victoria,CA,4.56,1.56,3.87,6.16,broken clouds,1020,93,3.6,60,2025-03-05 12:00:00
Victoria,CA,6.04,4.08,4.98,7.2,broken clouds,1020,93,2.57,20,2025-03-05 13:00:00
Victoria,CA,7.16,5.83,5.98,8.13,broken clouds,1020,88,2.06,40,2025-03-05 14:00:00
Victoria,CA,7.76,5.76,6.98,9.16,broken clouds,1019,85,3.09,60,2025-03-05 15:00:00
Victoria,CA,8.76,6.97,7.76,10.03,broken clouds,1018,79,3.09,130,2025-03-05 16:00:00
Victoria,CA,8.83,7.31,8.04,10.16,broken clouds,1018,78,2.68,57,2025-03-05 17:00:00
Victoria,CA,9.68,8.4,8.21,10.83,broken clouds,1017,73,2.57,90,2025-03-05 18:00:00
Victoria,CA,10.31,9.2,9.42,11.44,broken clouds,1017,69,3.09,100,2025-03-05 19:00:00
Victoria,CA,9.95,8.95,8.87,11.16,scattered clouds,1016,71,2.24,175,2025-03-05 20:00:00
Victoria,CA,9.12,7.12,8.04,10.16,scattered clouds,1016,74,3.6,230,2025-03-05 21:00:00
Victoria,CA,8.11,6.53,6.98,9.16,scattered clouds,1016,78,2.57,230,2025-03-05 22:00:00
Victoria,CA,6.89,4.72,5.89,7.81,scattered clouds,1016,84,3.09,290,2025-03-05 23:00:00
Victoria,CA,6.36,4.89,5.11,7.25,scattered clouds,1016,84,2.06,270,2025-03-06 00:00:00
Victoria,CA,5.69,4.11,4.16,6.65,few clouds,1016,85,2.06,280,2025-03-06 01:00:00
Victoria,CA,4.93,2.76,3.98,6.21,few clouds,1016,87,2.57,350,2025-03-06 02:00:00
Victoria,CA,4.65,2.02,3.16,6.16,clear sky,1016,88,3.09,250,2025-03-06 03:00:00
Victoria,CA,4.43,2.64,2.98,5.16,clear sky,1016,88,2.06,260,2025-03-06 04:00:00
Victoria,CA,3.97,1.2,2.49,5.98,clear sky,1016,88,3.09,210,2025-03-06 05:00:00
Victoria,CA,3.42,1.46,1.94,5.09,clear sky,1016,89,2.06,250,2025-03-06 06:00:00
Victoria,CA,2.84,1.43,1.16,4.09,clear sky,1016,90,1.54,360,2025-03-06 07:00:00
Victoria,CA,2.85,1.44,1.38,4.2,clear sky,1016,88,1.54,360,2025-03-06 08:00:00
Victoria,CA,2.57,0.79,0.83,4.09,clear sky,1016,88,1.79,237,2025-03-06 09:00:00
Victoria,CA,2.52,-0.1,0.27,4.21,clear sky,1016,87,2.57,360,2025-03-06 10:00:00
Calgary,CA,0.01,-3.57,-1.03,0.92,overcast clouds,1015,70,3.09,330,2025-03-05 11:00:00
Calgary,CA,1.23,-1.63,-0.33,2.08,broken clouds,1016,67,2.57,330,2025-03-05 12:00:00
Calgary,CA,2.06,-0.65,1.34,2.5,broken clouds,1016,62,2.57,350,2025-03-05 13:00:00
Calgary,CA,3.17,-0.46,2.2,3.56,broken clouds,1015,51,4.12,340,2025-03-05 14:00:00
Calgary,CA,4.08,0.66,2.97,4.46,broken clouds,1015,48,4.12,360,2025-03-05 15:00:00
Calgary,CA,4.42,1.39,3.01,5.01,broken clouds,1014,48,3.6,350,2025-03-05 16:00:00
Calgary,CA,4.69,2.38,3.56,5.41,broken clouds,1014,48,2.68,332,2025-03-05 17:00:00
Calgary,CA,4.8,1.86,3.76,5.41,broken clouds,1014,48,3.6,360,2025-03-05 18:00:00
Calgary,CA,4.34,1.97,3.11,5.01,broken clouds,1014,52,2.68,33,2025-03-05 19:00:00
Calgary,CA,3.63,0.79,2.55,4.3,broken clouds,1014,58,3.09,70,2025-03-05 20:00:00
Calgary,CA,2.56,-0.15,1.34,3.14,broken clouds,1014,63,2.68,29,2025-03-05 21:00:00
Calgary,CA,1.35,-2.33,-0.13,2.2,broken clouds,1016,68,3.58,56,2025-03-05 22:00:00
Calgary,CA,0.2,-3.34,-0.55,0.97,broken clouds,1016,77,3.09,100,2025-03-05 23:00:00
Calgary,CA,0.03,-3.06,-1.24,0.57,broken clouds,1017,79,2.57,100,2025-03-06 00:00:00
Calgary,CA,-0.37,-2.96,-1.44,0.36,broken clouds,1017,81,2.06,160,2025-03-06 01:00:00
Calgary,CA,-0.87,-2.81,-1.99,-0.14,overcast clouds,1017,83,1.54,180,2025-03-06 02:00:00
Calgary,CA,-1.79,-5.73,-2.8,-0.75,broken clouds,1016,88,3.09,180,2025-03-06 03:00:00
Calgary,CA,-2.58,-6.16,-4.03,-1.82,few clouds,1015,89,2.57,180,2025-03-06 04:00:00
Calgary,CA,-3.12,-5.38,-4.43,-2.38,fog,1015,90,1.54,190,2025-03-06 05:00:00
Calgary,CA,-3.62,-6.76,-5.38,-2.36,mist,1015,90,2.06,190,2025-03-06 06:00:00
Calgary,CA,-3.7,-6.05,-4.99,-2.8,mist,1014,92,1.54,200,2025-03-06 07:00:00
Calgary,CA,-3.79,-6.15,-5.03,-2.42,mist,1014,92,1.54,220,2025-03-06 08:00:00
Calgary,CA,-3.91,-8.29,-5.03,-2.91,mist,1014,92,3.09,230,2025-03-06 09:00:00
Calgary,CA,-3.93,-8.31,-4.64,-2.91,mist,1014,92,3.09,210,2025-03-06 10:00:00
Edmonton,CA,-3.57,-8.34,-6.11,-2.21,broken clouds,1017,88,3.6,270,2025-03-05 11:00:00
Edmonton,CA,-2.53,-7.08,-4.55,-1.24,scattered clouds,1017,84,3.6,320,2025-03-05 12:00:00
Edmonton,CA,-0.67,-5.53,-2.55,0.47,scattered clouds,1017,74,4.63,320,2025-03-05 13:00:00
Edmonton,CA,-0.17,-4.91,-1.55,0.57,few clouds,1017,69,4.63,320,2025-03-05 14:00:00
Edmonton,CA,1.02,-2.35,0.45,1.44,few clouds,1018,64,3.09,360,2025-03-05 15:00:00
Edmonton,CA,1.07,-1.28,0.45,1.65,few clouds,1018,63,2.06,310,2025-03-05 16:00:00
Edmonton,CA,2.78,2.78,1.45,3.32,few clouds,1018,57,1.03,340,2025-03-05 17:00:00
Edmonton,CA,2.79,1.37,1.45,3.65,few clouds,1018,56,1.54,330,2025-03-05 18:00:00
Edmonton,CA,2.45,2.45,2.45,3.44,few clouds,1017,55,0,0,2025-03-05 19:00:00
Edmonton,CA,3.78,3.78,2.45,4.32,few clouds,1017,45,1.03,280,2025-03-05 20:00:00
Edmonton,CA,2.44,2.44,1.2,2.61,few clouds,1017,48,0,0,2025-03-05 21:00:00
Edmonton,CA,0.09,0.09,-1.52,2.45,few clouds,1017,65,0,0,2025-03-05 22:00:00
Edmonton,CA,-2.47,-2.47,-2.63,0.44,few clouds,1018,79,0,0,2025-03-05 23:00:00
Edmonton,CA,0.32,-1.45,-2.39,0.32,scattered clouds,1018,59,1.54,210,2025-03-06 00:00:00
Edmonton,CA,-1.44,-4.21,-3.39,-0.56,scattered clouds,1017,74,2.06,210,2025-03-06 01:00:00
Edmonton,CA,-2.27,-4.41,-4.39,-1.68,scattered clouds,1017,79,1.54,210,2025-03-06 02:00:00
Edmonton,CA,-2.62,-5.82,-3.8,-1.68,few clouds,1016,79,2.24,193,2025-03-06 03:00:00
Edmonton,CA,-3.28,-3.28,-4.3,-2.35,clear sky,1015,82,1.03,210,2025-03-06 04:00:00
Edmonton,CA,-3.2,-6.27,-4.55,-2.34,few clouds,1015,80,2.06,200,2025-03-06 05:00:00
Edmonton,CA,-3.41,-6.75,-5.47,-2.34,few clouds,1015,81,2.24,189,2025-03-06 06:00:00
Edmonton,CA,-4.06,-6.46,-6.11,-2.56,few clouds,1014,84,1.54,210,2025-03-06 07:00:00
Edmonton,CA,-4.25,-7.73,-6.39,-2.76,few clouds,1014,86,2.24,200,2025-03-06 08:00:00
Edmonton,CA,-4.08,-8.06,-5.55,-2.76,few clouds,1013,86,2.68,221,2025-03-06 09:00:00
Edmonton,CA,-3.82,-7.75,-5.05,-2.76,few clouds,1013,85,2.68,219,2025-03-06 10:00:00
Regina,CA,-14.01,-21.01,-14.01,-13.94,broken clouds,1018,85,4.12,110,2025-03-05 11:00:00
Regina,CA,-12.01,-19.01,-12.94,-12.01,broken clouds,1017,82,5.14,120,2025-03-05 12:00:00
Regina,CA,-10.01,-17.01,-10.01,-9.94,broken clouds,1016,82,5.14,130,2025-03-05 13:00:00
Regina,CA,-9.01,-15.89,-9.01,-7.94,broken clouds,1014,89,4.63,130,2025-03-05 14:00:00
Regina,CA,-7.01,-13.0,-7.01,-4.94,scattered clouds,1013,86,4.12,130,2025-03-05 15:00:00
Regina,CA,-3.74,-8.97,-4.45,-1.94,broken clouds,1013,77,4.12,130,2025-03-05 16:00:00
Regina,CA,-3.17,-7.84,-3.34,-2.76,few clouds,1013,79,3.58,333,2025-03-05 17:00:00
Regina,CA,-2.81,-8.83,-3.34,-1.65,broken clouds,1013,82,5.66,300,2025-03-05 18:00:00
Regina,CA,-2.11,-6.56,-2.23,-1.94,few clouds,1013,79,3.6,300,2025-03-05 19:00:00
Regina,CA,-2.01,-7.19,-2.94,-2.01,clear sky,1014,77,4.63,280,2025-03-05 20:00:00
Regina,CA,-2.46,-8.93,-3.01,-2.01,overcast clouds,1015,83,6.69,320,2025-03-05 21:00:00
Regina,CA,-2.55,-9.29,-3.94,-2.01,few clouds,1015,83,7.2,340,2025-03-05 22:00:00
Regina,CA,-4.01,-11.01,-4.01,-2.94,few clouds,1016,90,7.2,330,2025-03-05 23:00:00
Regina,CA,-5.24,-11.21,-6.09,-5.01,few clouds,1016,89,4.63,310,2025-03-06 00:00:00
Regina,CA,-6.06,-12.23,-6.12,-6.01,few clouds,1017,86,4.63,320,2025-03-06 01:00:00
Regina,CA,-7.35,-11.82,-8.31,-7.01,scattered clouds,1017,86,2.57,330,2025-03-06 02:00:00
Regina,CA,-7.01,-13.41,-7.01,-7.01,few clouds,1018,86,4.63,350,2025-03-06 03:00:00
Regina,CA,-10.01,-16.69,-10.01,-10.01,few clouds,1019,92,4.12,320,2025-03-06 04:00:00
Regina,CA,-11.01,-16.16,-12.01,-11.01,few clouds,1020,92,2.57,320,2025-03-06 05:00:00
Regina,CA,-11.01,-16.83,-12.01,-11.01,clear sky,1020,92,3.09,310,2025-03-06 06:00:00
Regina,CA,-15.01,-21.65,-16.01,-15.01,clear sky,1020,92,3.09,260,2025-03-06 07:00:00
Regina,CA,-15.01,-18.97,-16.01,-15.01,clear sky,1021,85,1.54,330,2025-03-06 08:00:00
Regina,CA,-15.01,-20.05,-15.01,-14.94,clear sky,1020,82,2.06,250,2025-03-06 09:00:00
Regina,CA,-17.12,-24.12,-17.23,-17.01,fog,1020,85,3.09,230,2025-03-06 10:00:00
Saskatoon,CA,-13.34,-20.25,-13.34,-13.01,few clouds,1016,92,3.6,170,2025-03-05 11:00:00
Saskatoon,CA,-11.01,-16.16,-11.01,-11.01,few clouds,1015,92,2.57,180,2025-03-05 12:00:00
Saskatoon,CA,-9.01,-14.43,-9.01,-9.01,few clouds,1014,86,3.09,220,2025-03-05 13:00:00
Saskatoon,CA,-8.01,-14.65,-8.01,-8.01,scattered clouds,1014,86,4.63,210,2025-03-05 14:00:00
Saskatoon,CA,-6.01,-11.77,-6.01,-6.01,scattered clouds,1013,86,4.12,230,2025-03-05 15:00:00
Saskatoon,CA,-4.45,-9.85,-4.45,-4.01,broken clouds,1013,79,4.12,240,2025-03-05 16:00:00
Saskatoon,CA,-1.12,-6.96,-1.12,-1.01,broken clouds,1013,80,6.17,290,2025-03-05 17:00:00
Saskatoon,CA,-1.12,-7.67,-1.12,-1.01,few clouds,1013,80,7.72,300,2025-03-05 18:00:00
Saskatoon,CA,-0.01,-5.8,-0.01,-0.01,few clouds,1013,80,6.71,290,2025-03-05 19:00:00
Saskatoon,CA,-1.12,-6.09,-1.12,-1.01,broken clouds,1014,86,4.63,310,2025-03-05 20:00:00
Saskatoon,CA,-0.01,-5.01,-0.01,-0.01,broken clouds,1015,74,5.14,340,2025-03-05 21:00:00
Saskatoon,CA,-3.01,-8.44,-3.01,-3.01,few clouds,1016,74,4.63,360,2025-03-05 22:00:00
Saskatoon,CA,-5.01,-9.61,-5.01,-5.01,clear sky,1017,74,3.09,360,2025-03-05 23:00:00
Saskatoon,CA,-6.01,-10.23,-6.01,-6.01,clear sky,1018,79,2.57,20,2025-03-06 00:00:00
Saskatoon,CA,-9.01,-13.05,-9.01,-9.01,clear sky,1019,92,2.06,250,2025-03-06 01:00:00
Saskatoon,CA,-11.12,-16.97,-11.12,-11.01,clear sky,1019,92,3.09,240,2025-03-06 02:00:00
Saskatoon,CA,-10.01,-16.19,-10.01,-10.01,clear sky,1019,92,3.6,220,2025-03-06 03:00:00
Saskatoon,CA,-12.23,-18.3,-12.23,-12.01,clear sky,1019,84,3.09,230,2025-03-06 04:00:00
Saskatoon,CA,-13.34,-18.93,-13.34,-13.01,clear sky,1019,84,2.57,220,2025-03-06 05:00:00
Saskatoon,CA,-13.34,-20.34,-13.34,-13.01,clear sky,1019,84,4.12,210,2025-03-06 06:00:00
Saskatoon,CA,-13.34,-18.93,-13.34,-13.01,clear sky,1019,78,2.57,190,2025-03-06 07:00:00
Saskatoon,CA,-14.45,-21.45,-14.45,-14.01,clear sky,1019,84,3.6,220,2025-03-06 08:00:00
Saskatoon,CA,-12.23,-19.23,-12.23,-12.01,clear sky,1018,84,5.14,210,2025-03-06 09:00:00
Saskatoon,CA,-12.23,-19.23,-12.23,-12.01,few clouds,1017,84,4.63,200,2025-03-06 10:00:00
Winnipeg,CA,-10.8,-10.8,-12.2,-9.43,broken clouds,1018,84,1.03,10,2025-03-05 11:00:00
Winnipeg,CA,-9.07,-9.07,-9.42,-7.72,few clouds,1018,74,0.51,60,2025-03-05 12:00:00
Winnipeg,CA,-7.06,-9.88,-7.2,-6.61,few clouds,1017,69,1.54,340,2025-03-05 13:00:00
Winnipeg,CA,-6.55,-10.18,-7.2,-5.5,broken clouds,1016,70,2.06,20,2025-03-05 14:00:00
Winnipeg,CA,-5.2,-9.27,-6.09,-3.9,broken clouds,1015,68,2.57,280,2025-03-05 15:00:00
Winnipeg,CA,-4.1,-7.32,-4.42,-3.27,broken clouds,1014,65,2.06,240,2025-03-05 16:00:00
Winnipeg,CA,-2.67,-4.87,-3.31,-2.01,few clouds,1013,61,1.54,260,2025-03-05 17:00:00
Winnipeg,CA,-1.52,-4.3,-2.75,-1.01,few clouds,1012,60,2.06,280,2025-03-05 18:00:00
Winnipeg,CA,-1.01,-4.8,-1.01,-0.96,few clouds,1012,59,3.09,230,2025-03-05 19:00:00
Winnipeg,CA,-1.01,-5.22,-1.01,-0.96,few clouds,1012,64,3.6,220,2025-03-05 20:00:00
Winnipeg,CA,-1.01,-4.8,-1.96,-1.01,few clouds,1012,74,3.09,220,2025-03-05 21:00:00
Winnipeg,CA,-2.01,-6.84,-2.01,-1.96,few clouds,1011,80,4.12,200,2025-03-05 22:00:00
Winnipeg,CA,-3.01,-8.44,-3.01,-2.96,few clouds,1011,80,4.63,190,2025-03-05 23:00:00
Winnipeg,CA,-3.08,-8.52,-6.1,-3.01,few clouds,1010,83,4.63,200,2025-03-06 00:00:00
Winnipeg,CA,-3.01,-8.07,-3.96,-3.01,clear sky,1009,80,4.12,210,2025-03-06 01:00:00
Winnipeg,CA,-3.01,-8.44,-3.01,-1.96,broken clouds,1009,80,4.63,230,2025-03-06 02:00:00
Winnipeg,CA,-2.01,-8.09,-2.96,-2.01,light snow,1009,74,6.17,300,2025-03-06 03:00:00
Winnipeg,CA,-3.45,-10.45,-4.43,-2.96,broken clouds,1009,86,10.8,330,2025-03-06 04:00:00
Winnipeg,CA,-3.77,-10.77,-4.99,-3.01,broken clouds,1010,83,8.23,320,2025-03-06 05:00:00
Winnipeg,CA,-4.76,-11.59,-5.55,-4.01,overcast clouds,1011,81,6.17,360,2025-03-06 06:00:00
Winnipeg,CA,-6.65,-13.65,-7.77,-5.96,broken clouds,1012,80,6.17,360,2025-03-06 07:00:00
Winnipeg,CA,-8.47,-15.47,-9.94,-7.96,few clouds,1013,79,5.14,340,2025-03-06 08:00:00
Winnipeg,CA,-9.99,-16.16,-11.05,-9.45,clear sky,1014,82,3.6,290,2025-03-06 09:00:00
Winnipeg,CA,-9.53,-15.6,-10.55,-8.88,clear sky,1015,76,3.6,320,2025-03-06 10:00:00
Toronto,CA,4.03,-1.39,2.97,5.2,mist,997,91,8.94,70,2025-03-05 11:00:00
Toronto,CA,4.35,-0.97,3.4,5.27,mist,995,93,8.94,60,2025-03-05 12:00:00
Toronto,CA,5.04,-0.06,3.99,6.06,mist,993,93,8.94,60,2025-03-05 13:00:00
Toronto,CA,5.38,0.38,4.4,6.31,mist,992,92,8.94,60,2025-03-05 14:00:00
Toronto,CA,5.41,1.78,4.4,6.31,overcast clouds,991,93,5.14,70,2025-03-05 15:00:00
Toronto,CA,5.49,1.45,4.4,6.38,mist,989,94,6.17,70,2025-03-05 16:00:00
Toronto,CA,5.89,2.62,4.4,7.06,mist,989,94,4.63,110,2025-03-05 17:00:00
Toronto,CA,5.7,2.25,4.55,6.66,moderate rain,989,96,4.92,250,2025-03-05 18:00:00
Toronto,CA,5.8,2.51,5.05,6.66,mist,988,96,4.63,80,2025-03-05 19:00:00
Toronto,CA,4.61,0.55,3.93,6.06,mist,987,97,5.66,80,2025-03-05 20:00:00
Toronto,CA,4.38,0.6,3.93,5.06,mist,987,97,4.92,80,2025-03-05 21:00:00
Toronto,CA,4.37,0.59,3.38,5.11,mist,988,96,4.92,80,2025-03-05 22:00:00
Toronto,CA,3.79,-0.14,3.41,4.64,overcast clouds,987,95,4.92,80,2025-03-05 23:00:00
Toronto,CA,3.97,-1.85,3.05,4.97,overcast clouds,987,94,10.28,230,2025-03-06 00:00:00
Toronto,CA,3.29,-2.75,2.33,3.66,overcast clouds,987,91,10.28,230,2025-03-06 01:00:00
Toronto,CA,2.86,-3.33,2.27,3.66,overcast clouds,987,88,10.28,230,2025-03-06 02:00:00
Toronto,CA,2.55,-3.74,1.77,3.06,overcast clouds,988,88,10.28,230,2025-03-06 03:00:00
Toronto,CA,2.27,-4.11,1.77,2.95,light intensity drizzle,988,88,10.28,230,2025-03-06 04:00:00
Toronto,CA,2.01,-4.58,1.4,2.66,overcast clouds,988,90,10.73,210,2025-03-06 05:00:00
Toronto,CA,2.06,-4.52,1.22,2.75,overcast clouds,988,90,10.73,210,2025-03-06 06:00:00
Toronto,CA,1.43,-5.38,0.75,2.06,overcast clouds,989,89,10.8,220,2025-03-06 07:00:00
Toronto,CA,1.1,-5.82,0.11,1.66,overcast clouds,990,82,10.8,240,2025-03-06 08:00:00
Toronto,CA,0.23,-6.77,-1.01,1.4,overcast clouds,992,81,12.35,250,2025-03-06 09:00:00
Toronto,CA,-0.66,-7.66,-1.49,0.28,overcast clouds,994,79,12.07,250,2025-03-06 10:00:00
Ottawa,CA,1.56,-3.78,1.13,2.35,mist,1005,93,6.69,80,2025-03-05 11:00:00
Ottawa,CA,1.82,-2.98,1.13,2.71,mist,1003,93,5.66,90,2025-03-05 12:00:00
Ottawa,CA,2.34,-2.56,1.69,3.1,mist,1002,91,6.17,80,2025-03-05 13:00:00
Ottawa,CA,2.78,-1.77,2.08,3.65,light rain,1000,89,5.66,70,2025-03-05 14:00:00
Ottawa,CA,2.62,-2.82,1.69,3.32,mist,998,90,7.72,90,2025-03-05 15:00:00
Ottawa,CA,2.35,-3.17,1.69,3.1,light rain,996,92,7.72,80,2025-03-05 16:00:00
Ottawa,CA,1.96,-3.48,1.13,2.91,moderate rain,995,94,7.2,70,2025-03-05 17:00:00
Ottawa,CA,2.1,-3.49,1.13,2.91,mist,994,95,7.72,70,2025-03-05 18:00:00
Ottawa,CA,2.33,-3.38,1.69,3.1,mist,993,95,8.23,80,2025-03-05 19:00:00
Ottawa,CA,2.3,-3.04,1.69,3.1,mist,993,95,7.2,60,2025-03-05 20:00:00
Ottawa,CA,2.36,-2.96,1.69,2.91,mist,991,94,7.2,70,2025-03-05 21:00:00
Ottawa,CA,2.64,-1.94,1.69,3.39,light rain,989,95,5.66,80,2025-03-05 22:00:00
Ottawa,CA,2.99,-0.68,1.96,3.88,mist,988,95,4.12,80,2025-03-05 23:00:00
Ottawa,CA,2.96,-0.02,2.24,3.95,fog,987,95,3.09,40,2025-03-06 00:00:00
Ottawa,CA,2.94,0.4,2.08,3.88,fog,986,95,2.57,60,2025-03-06 01:00:00
Ottawa,CA,3.36,0.89,2.51,3.88,mist,986,95,2.57,110,2025-03-06 02:00:00
Ottawa,CA,3.2,3.2,2.08,3.88,mist,985,95,1.03,130,2025-03-06 03:00:00
Ottawa,CA,3.8,1.91,2.08,4.76,fog,985,97,2.06,190,2025-03-06 04:00:00
Ottawa,CA,3.94,2.07,2.71,4.76,light intensity drizzle,986,95,2.06,200,2025-03-06 05:00:00
Ottawa,CA,4.38,1.69,3.35,5.24,mist,986,92,3.09,210,2025-03-06 06:00:00
Ottawa,CA,3.99,3.99,3.07,4.5,light rain,987,94,0.89,269,2025-03-06 07:00:00
Ottawa,CA,2.6,-1.46,1.96,3.26,moderate rain,988,95,4.63,220,2025-03-06 08:00:00
Ottawa,CA,2.47,-2.16,1.69,3.46,overcast clouds,989,95,5.66,220,2025-03-06 09:00:00
Ottawa,CA,2.94,-0.41,2.24,4.02,overcast clouds,989,93,3.6,210,2025-03-06 10:00:00
Montreal,CA,1.69,-3.61,0.48,2.36,light rain,1007,91,6.69,40,2025-03-05 11:00:00
Montreal,CA,1.72,-3.78,1.07,2.36,light rain,1006,90,7.2,40,2025-03-05 12:00:00
Montreal,CA,2.41,-2.47,1.48,3.36,overcast clouds,1005,89,6.17,40,2025-03-05 13:00:00
Montreal,CA,2.42,-2.22,1.67,3.38,overcast clouds,1003,89,5.66,50,2025-03-05 14:00:00
Montreal,CA,2.49,-1.6,1.48,3.38,light rain,1002,91,4.63,50,2025-03-05 15:00:00
Montreal,CA,2.41,-1.06,1.48,3.38,overcast clouds,1000,93,3.6,60,2025-03-05 16:00:00
Montreal,CA,2.31,-1.82,1.62,2.8,overcast clouds,999,95,4.63,50,2025-03-05 17:00:00
Montreal,CA,2.72,-1.59,1.62,4.49,light rain,998,97,5.14,60,2025-03-05 18:00:00
Montreal,CA,3.19,-0.11,1.68,4.48,overcast clouds,996,96,3.6,50,2025-03-05 19:00:00
Montreal,CA,5.33,1.68,3.57,6.52,overcast clouds,996,97,5.14,130,2025-03-05 20:00:00
Montreal,CA,6.23,2.03,3.91,7.48,overcast clouds,994,96,7.2,150,2025-03-05 21:00:00
Montreal,CA,6.98,3.75,5.04,7.67,overcast clouds,993,93,5.14,160,2025-03-05 22:00:00
Montreal,CA,6.82,4.32,4.48,7.67,overcast clouds,991,93,3.6,140,2025-03-05 23:00:00
Montreal,CA,6.38,3.49,5.04,6.71,overcast clouds,990,93,4.12,150,2025-03-06 00:00:00
Montreal,CA,6.45,3.09,4.12,7.56,overcast clouds,989,91,5.14,170,2025-03-06 01:00:00
Montreal,CA,6.68,4.15,3.92,7.67,overcast clouds,987,93,3.6,180,2025-03-06 02:00:00
Montreal,CA,6.04,3.07,3.92,6.69,overcast clouds,987,93,4.12,140,2025-03-06 03:00:00
Montreal,CA,5.69,2.64,3.89,6.69,overcast clouds,987,92,4.12,140,2025-03-06 04:00:00
Montreal,CA,6.06,4.1,3.92,6.69,broken clouds,986,91,2.57,140,2025-03-06 05:00:00
Montreal,CA,5.84,2.56,2.46,6.67,broken clouds,986,91,4.63,160,2025-03-06 06:00:00
Montreal,CA,5.04,2.49,3.92,5.63,light rain,987,94,3.09,190,2025-03-06 07:00:00
Montreal,CA,4.43,-1.24,3.38,5.56,overcast clouds,988,94,10.29,240,2025-03-06 08:00:00
Montreal,CA,3.25,-2.51,2.52,3.57,overcast clouds,989,92,9.26,240,2025-03-06 09:00:00
Montreal,CA,3.32,-2.42,2.52,3.89,overcast clouds,989,88,9.26,240,2025-03-06 10:00:00
Fredericton,CA,-0.4,-2.27,-0.55,-0.32,mist,1016,94,1.54,40,2025-03-05 11:00:00
Fredericton,CA,0.61,0.61,0.01,0.79,mist,1015,92,1.03,80,2025-03-05 12:00:00
Fredericton,CA,0.98,0.98,0.01,1.58,mist,1014,90,1.03,110,2025-03-05 13:00:00
Fredericton,CA,1.33,-0.98,1.12,1.58,overcast clouds,1014,88,2.06,70,2025-03-05 14:00:00
Fredericton,CA,1.33,-1.98,1.12,1.58,light snow,1013,90,3.09,70,2025-03-05 15:00:00
Fredericton,CA,1.33,-1.98,1.12,2.58,mist,1013,93,3.09,70,2025-03-05 16:00:00
Fredericton,CA,0.96,-1.95,0.79,1.58,moderate rain,1011,94,2.57,90,2025-03-05 17:00:00
Fredericton,CA,0.79,-1.61,0.79,1.47,moderate rain,1011,94,2.06,90,2025-03-05 18:00:00
Fredericton,CA,0.79,-1.61,0.01,0.79,moderate rain,1010,94,2.06,60,2025-03-05 19:00:00
Fredericton,CA,0.79,-1.61,0.79,1.47,mist,1009,94,2.06,60,2025-03-05 20:00:00
Fredericton,CA,1.35,-0.95,1.12,1.47,heavy intensity rain,1009,93,2.06,70,2025-03-05 21:00:00
Fredericton,CA,1.35,1.35,1.12,1.47,light snow,1009,93,1.03,60,2025-03-05 22:00:00
Fredericton,CA,1.9,-0.84,1.9,3.47,moderate rain,1008,93,2.57,150,2025-03-05 23:00:00
Fredericton,CA,2.47,1.0,2.23,2.47,mist,1007,100,1.54,90,2025-03-06 00:00:00
Fredericton,CA,3.0,0.97,2.23,3.01,mist,1006,93,2.06,80,2025-03-06 01:00:00
Fredericton,CA,3.01,0.48,3.01,4.47,mist,1004,93,2.57,140,2025-03-06 02:00:00
Fredericton,CA,4.12,1.03,4.12,5.47,mist,1003,93,3.6,160,2025-03-06 03:00:00
Fredericton,CA,4.68,0.87,4.68,5.47,light rain,1001,93,5.14,170,2025-03-06 04:00:00
Fredericton,CA,5.24,2.09,5.24,6.47,overcast clouds,1001,93,4.12,150,2025-03-06 05:00:00
Fredericton,CA,5.79,2.5,5.79,6.47,light rain,999,93,4.63,160,2025-03-06 06:00:00
Fredericton,CA,7.05,3.25,6.9,7.58,mist,997,93,6.69,180,2025-03-06 07:00:00
Fredericton,CA,7.05,3.43,6.9,8.58,moderate rain,996,93,6.17,170,2025-03-06 08:00:00
Fredericton,CA,7.42,3.56,7.23,8.58,heavy intensity rain,996,93,7.2,160,2025-03-06 09:00:00
Fredericton,CA,8.14,4.49,8.01,9.58,heavy intensity rain,995,93,7.2,170,2025-03-06 10:00:00
Saint John,CA,1.57,-0.02,1.57,1.57,mist,1016,100,1.54,160,2025-03-05 11:00:00
Saint John,CA,1.57,-0.02,1.57,1.57,mist,1015,100,1.54,130,2025-03-05 12:00:00
Saint John,CA,2.57,-0.86,2.57,2.57,mist,1015,93,3.6,130,2025-03-05 13:00:00
Saint John,CA,2.57,0.47,2.57,2.57,mist,1014,100,2.06,100,2025-03-05 14:00:00
Saint John,CA,2.57,-0.04,2.57,2.57,light rain,1014,100,2.57,110,2025-03-05 15:00:00
Saint John,CA,2.57,1.12,2.57,2.57,moderate rain,1013,100,1.54,110,2025-03-05 16:00:00
Saint John,CA,2.57,-0.04,2.57,2.57,moderate rain,1013,100,2.57,120,2025-03-05 17:00:00
Saint John,CA,2.57,-1.2,2.57,2.57,moderate rain,1013,93,4.12,120,2025-03-05 18:00:00
Saint John,CA,2.57,-1.2,2.57,2.57,moderate rain,1012,100,4.12,150,2025-03-05 19:00:00
Saint John,CA,2.57,-0.48,2.57,2.57,moderate rain,1011,100,3.09,150,2025-03-05 20:00:00
Saint John,CA,3.57,2.26,3.57,3.57,mist,1011,100,1.54,180,2025-03-05 21:00:00
Saint John,CA,4.57,2.33,4.57,4.57,light rain,1011,100,2.57,180,2025-03-05 22:00:00
Saint John,CA,4.57,2.33,4.57,4.57,light rain,1010,100,2.57,200,2025-03-05 23:00:00
Saint John,CA,5.57,1.99,5.57,5.57,overcast clouds,1008,93,5.14,160,2025-03-06 00:00:00
Saint John,CA,6.57,2.64,6.57,6.57,overcast clouds,1007,100,6.69,170,2025-03-06 01:00:00
Saint John,CA,6.57,2.3,6.57,6.57,mist,1006,100,7.72,180,2025-03-06 02:00:00
Saint John,CA,6.57,2.64,6.57,6.57,light rain,1005,100,6.69,180,2025-03-06 03:00:00
Saint John,CA,7.57,4.1,7.57,7.57,mist,1003,100,6.17,170,2025-03-06 04:00:00
Saint John,CA,7.57,3.59,7.57,7.57,mist,1003,100,7.72,170,2025-03-06 05:00:00
Saint John,CA,7.57,3.31,7.57,7.57,mist,1001,100,8.75,170,2025-03-06 06:00:00
Saint John,CA,7.57,3.05,7.57,7.57,mist,1000,100,9.77,160,2025-03-06 07:00:00
Saint John,CA,7.57,3.45,7.57,7.57,light intensity drizzle,999,100,8.23,160,2025-03-06 08:00:00
Saint John,CA,7.57,3.45,7.57,7.57,light intensity drizzle,998,100,8.23,160,2025-03-06 09:00:00
Saint John,CA,8.57,4.49,8.57,8.57,moderate rain,997,93,9.26,160,2025-03-06 10:00:00
Halifax,CA,3.25,-0.03,1.94,3.58,mist,1017,93,3.6,300,2025-03-05 11:00:00
Halifax,CA,4.56,2.32,3.72,5.25,overcast clouds,1017,92,2.57,260,2025-03-05 12:00:00
Halifax,CA,5.09,2.95,3.72,5.83,overcast clouds,1016,89,2.57,240,2025-03-05 13:00:00
Halifax,CA,5.34,3.7,3.72,5.83,overcast clouds,1016,88,2.06,210,2025-03-05 14:00:00
Halifax,CA,5.57,2.49,4.63,6.38,light rain,1016,86,4.12,280,2025-03-05 15:00:00
Halifax,CA,3.91,0.77,3.0,5.27,mist,1016,91,3.6,220,2025-03-05 16:00:00
Halifax,CA,3.48,1.04,2.34,4.14,mist,1016,92,2.57,170,2025-03-05 17:00:00
Halifax,CA,3.37,2.03,2.41,4.14,fog,1016,93,1.54,180,2025-03-05 18:00:00
Halifax,CA,4.02,0.58,3.45,4.27,light intensity shower rain,1016,93,4.12,280,2025-03-05 19:00:00
Halifax,CA,3.88,0.73,2.41,4.15,light rain,1016,93,3.6,280,2025-03-05 20:00:00
Halifax,CA,3.52,2.2,2.34,4.15,overcast clouds,1016,93,1.54,230,2025-03-05 21:00:00
Halifax,CA,3.22,-0.07,2.0,4.15,overcast clouds,1015,94,3.6,200,2025-03-05 22:00:00
Halifax,CA,2.91,-0.08,2.0,4.15,light rain,1014,95,3.09,200,2025-03-05 23:00:00
Halifax,CA,2.88,-0.82,2.0,4.14,overcast clouds,1013,95,4.12,200,2025-03-06 00:00:00
Halifax,CA,3.36,3.36,3.16,4.01,overcast clouds,1013,95,0.89,183,2025-03-06 01:00:00
Halifax,CA,5.51,1.1,3.94,6.49,light rain,1012,96,7.2,250,2025-03-06 02:00:00
Halifax,CA,5.99,1.55,5.0,6.92,light rain,1011,96,7.72,250,2025-03-06 03:00:00
Halifax,CA,6.13,4.46,4.01,7.94,overcast clouds,1010,94,2.24,170,2025-03-06 04:00:00
Halifax,CA,5.35,0.56,4.0,6.94,overcast clouds,1009,96,8.23,230,2025-03-06 05:00:00
Halifax,CA,6.4,4.1,4.56,6.94,overcast clouds,1008,94,3.13,121,2025-03-06 06:00:00
Halifax,CA,6.03,1.77,4.56,7.94,overcast clouds,1007,93,7.2,230,2025-03-06 07:00:00
Halifax,CA,5.82,2.8,4.56,7.61,overcast clouds,1006,92,4.12,190,2025-03-06 08:00:00
Halifax,CA,6.01,3.03,5.12,7.61,overcast clouds,1006,93,4.12,180,2025-03-06 09:00:00
Halifax,CA,5.95,2.96,5.12,7.49,mist,1005,93,4.12,170,2025-03-06 10:00:00
Dartmouth,CA,3.03,-0.3,1.69,3.33,mist,1017,93,3.6,300,2025-03-05 11:00:00
Dartmouth,CA,4.35,2.07,3.47,5.0,overcast clouds,1017,92,2.57,260,2025-03-05 12:00:00
Dartmouth,CA,4.93,2.76,3.47,5.58,overcast clouds,1016,89,2.57,240,2025-03-05 13:00:00
Dartmouth,CA,5.14,3.47,3.47,5.58,overcast clouds,1016,88,2.06,210,2025-03-05 14:00:00
Dartmouth,CA,5.41,2.3,4.38,6.13,light rain,1016,86,4.12,280,2025-03-05 15:00:00
Dartmouth,CA,3.8,0.64,2.75,5.02,mist,1016,91,3.6,220,2025-03-05 16:00:00
Dartmouth,CA,3.35,0.88,2.1,3.89,mist,1016,92,2.57,170,2025-03-05 17:00:00
Dartmouth,CA,3.2,1.84,2.16,3.89,fog,1016,93,1.54,180,2025-03-05 18:00:00
Dartmouth,CA,3.78,0.29,3.21,4.02,light intensity shower rain,1016,93,4.12,280,2025-03-05 19:00:00
Dartmouth,CA,3.68,0.49,2.16,3.9,light rain,1016,93,3.6,280,2025-03-05 20:00:00
Dartmouth,CA,3.36,2.02,2.1,3.9,light rain,1016,93,1.54,230,2025-03-05 21:00:00
Dartmouth,CA,3.06,-0.26,1.75,3.9,overcast clouds,1015,94,3.6,200,2025-03-05 22:00:00
Dartmouth,CA,2.71,-0.32,1.75,3.9,light rain,1014,94,3.09,200,2025-03-05 23:00:00
Dartmouth,CA,2.73,-1.0,1.75,3.89,overcast clouds,1013,95,4.12,200,2025-03-06 00:00:00
Dartmouth,CA,3.0,3.0,2.92,3.77,overcast clouds,1013,95,0.89,183,2025-03-06 01:00:00
Dartmouth,CA,5.58,1.19,3.69,6.25,light rain,1012,96,7.2,250,2025-03-06 02:00:00
Dartmouth,CA,5.9,1.43,4.75,6.67,overcast clouds,1011,96,7.72,250,2025-03-06 03:00:00
Dartmouth,CA,6.09,4.41,3.77,7.69,overcast clouds,1010,94,2.24,170,2025-03-06 04:00:00
Dartmouth,CA,5.39,0.61,3.75,6.69,overcast clouds,1009,95,8.23,230,2025-03-06 05:00:00
Dartmouth,CA,6.33,4.02,4.32,6.69,overcast clouds,1008,94,3.13,121,2025-03-06 06:00:00
Dartmouth,CA,6.03,1.77,4.32,7.69,overcast clouds,1007,93,7.2,230,2025-03-06 07:00:00
Dartmouth,CA,5.73,2.69,4.32,7.36,overcast clouds,1006,92,4.12,190,2025-03-06 08:00:00
Dartmouth,CA,5.92,2.92,4.88,7.36,overcast clouds,1006,93,4.12,180,2025-03-06 09:00:00
Dartmouth,CA,5.83,2.81,4.88,7.24,mist,1005,93,4.12,170,2025-03-06 10:00:00
Charlottetown,CA,1.29,-1.56,0.02,2.33,light rain,1017,83,2.57,290,2025-03-05 11:00:00
Charlottetown,CA,1.36,-0.61,0.58,2.33,light snow,1016,81,1.79,196,2025-03-05 12:00:00
Charlottetown,CA,2.2,0.7,1.98,3.25,light rain,1016,73,1.54,240,2025-03-05 13:00:00
Charlottetown,CA,2.05,-0.66,1.22,2.53,light rain,1016,78,2.57,190,2025-03-05 14:00:00
Charlottetown,CA,2.07,-1.82,1.13,2.65,overcast clouds,1016,77,4.12,180,2025-03-05 15:00:00
Charlottetown,CA,1.27,-1.05,0.87,1.98,light snow,1016,82,2.06,140,2025-03-05 16:00:00
Charlottetown,CA,1.17,-1.16,0.67,1.98,light snow,1016,86,2.06,130,2025-03-05 17:00:00
Charlottetown,CA,1.09,-0.57,0.67,1.69,light snow,1015,87,1.54,130,2025-03-05 18:00:00
Charlottetown,CA,0.98,-2.4,0.67,1.29,snow,1015,92,3.09,110,2025-03-05 19:00:00
Charlottetown,CA,0.92,-2.47,0.25,1.54,light rain,1014,95,3.09,110,2025-03-05 20:00:00
Charlottetown,CA,1.0,-2.38,0.58,1.54,light rain,1014,95,3.09,120,2025-03-05 21:00:00
Charlottetown,CA,1.21,-2.88,0.58,2.1,light rain,1013,98,4.12,120,2025-03-05 22:00:00
Charlottetown,CA,1.4,-3.24,0.87,2.24,light rain,1012,99,5.14,130,2025-03-05 23:00:00
Charlottetown,CA,1.99,-2.5,1.22,2.8,light rain,1012,99,5.14,140,2025-03-06 00:00:00
Charlottetown,CA,2.28,-2.4,1.78,3.35,light rain,1011,99,5.66,150,2025-03-06 01:00:00
Charlottetown,CA,2.24,-2.45,1.78,3.25,mist,1010,100,5.66,160,2025-03-06 02:00:00
Charlottetown,CA,3.05,-1.17,2.33,3.29,mist,1010,100,5.14,150,2025-03-06 03:00:00
Charlottetown,CA,3.21,-0.97,2.89,4.32,light rain,1009,100,5.14,150,2025-03-06 04:00:00
Charlottetown,CA,3.32,-1.53,3.09,4.32,light rain,1008,99,6.69,160,2025-03-06 05:00:00
Charlottetown,CA,3.75,-0.97,2.89,5.58,light rain,1007,99,6.69,150,2025-03-06 06:00:00
Charlottetown,CA,4.29,-0.47,4.2,6.13,overcast clouds,1006,100,7.2,160,2025-03-06 07:00:00
Charlottetown,CA,4.36,-0.2,4.0,5.43,overcast clouds,1005,100,6.71,160,2025-03-06 08:00:00
Charlottetown,CA,5.77,1.43,4.55,7.8,overcast clouds,1005,99,7.2,150,2025-03-06 09:00:00
Charlottetown,CA,6.86,2.24,5.87,8.55,overcast clouds,1003,94,9.26,160,2025-03-06 10:00:00
